,headline,city,accented_city,latitude,longitude,countrycode,pop,cluster,x,y
0,Zika Outbreak Hits Miami,Miami,Miami,25.77427,-80.19366,US,441003.0,0,-80.19366,25.77427
1,Could Zika Reach New York City?,New York City,New York City,40.71427,-74.00596999999999,US,8175133.0,0,-74.00596999999999,40.71427
2,First Case of Zika in Miami Beach,Miami Beach,Miami Beach,25.79065,-80.13005,US,92312.0,0,-80.13005,25.79065
3,"Mystery Virus Spreads in Recife, Brazil",Recife,Recife,-8.053889999999999,-34.88111,BR,1478098.0,1,-34.88111,-8.053889999999999
4,Dallas man comes down with case of Zika,Dallas,Dallas,32.78306,-96.80667,US,1300092.0,0,-96.80667,32.78306
5,Trinidad confirms first Zika case,Trinidad,Trinidad,-14.833329999999998,-64.9,BO,84259.0,0,-64.9,-14.833329999999998
6,Zika Concerns are Spreading in Houston,Houston,Houston,29.763279999999998,-95.36327,US,2296224.0,0,-95.36327,29.763279999999998
7,Geneve Scientists Battle to Find Cure,Geneve,Genève,46.202220000000004,6.14569,CH,183981.0,2,6.14569,46.202220000000004
8,The CDC in Atlanta is Growing Worried,Atlanta,Atlanta,33.749,-84.38798,US,463878.0,0,-84.38798,33.749
9,Zika Infested Monkeys in Sao Paulo,Sao Paulo,São Paulo,-23.5475,-46.636109999999995,BR,10021295.0,1,-46.636109999999995,-23.5475
10,Brownsville teen contracts Zika virus,Brownsville,Brownsville,25.90175,-97.49748000000001,US,183887.0,0,-97.49748000000001,25.90175
11,Mosquito control efforts in St. Louis take new tactics with Zika threat,St. Louis,St. Louis,38.62727,-90.19789,US,315685.0,0,-90.19789,38.62727
12,San Juan reports 1st U.S. Zika-related death amid outbreak,San Juan,San Juan,-31.5375,-68.53639,AR,447048.0,3,-68.53639,-31.5375
13,"Flu outbreak in Galveston, Texas",Galveston,Galveston,29.30135,-94.7977,US,50180.0,0,-94.7977,29.30135
14,Zika alert - Manila now threatened,Manila,Manila,14.6042,120.9822,PH,1600000.0,4,120.9822,14.6042
15,Zika afflicts 7 in Iloilo City,Iloilo,Iloilo,10.69694,122.56443999999999,PH,387681.0,4,122.56443999999999,10.69694
16,New Los Angeles Hairstyle goes Viral,Los Angeles,Los Angeles,34.05223,-118.24368,US,3971883.0,0,-118.24368,34.05223
18,Orlando volunteers aid Zika research,Orlando,Orlando,28.53834,-81.37924,US,270934.0,0,-81.37924,28.53834
20,Chicago's First Zika Case Confirmed,Chicago,Chicago,41.85003,-87.65005,US,2720546.0,0,-87.65005,41.85003
21,Tampa Bay Area Zika Case Count Climbs,Tampa,Tampa,27.94752,-82.45843,US,369075.0,0,-82.45843,27.94752
22,"Bad Water Leads to Sickness in Flint, Michigan",Flint,Flint,43.01253,-83.68746,US,98310.0,0,-83.68746,43.01253
23,Baltimore plans for Zika virus,Baltimore,Baltimore,39.29038,-76.61219,US,621849.0,0,-76.61219,39.29038
24,London Health Unit Tracks Mad Cow Disease,London,London,51.50853,-0.12574000000000002,GB,7556900.0,2,-0.12574000000000002,51.50853
25,Zika cases in Vietnam's Ho Chi Minh City surge,Ho Chi Minh City,Ho Chi Minh City,10.82302,106.62965,VN,3467331.0,4,106.62965,10.82302
26,Philadelphia experts track pandemic,Philadelphia,Philadelphia,39.952329999999996,-75.16379,US,1567442.0,0,-75.16379,39.952329999999996
27,Flu season hits Boston,Boston,Boston,42.35843,-71.05977,US,667137.0,0,-71.05977,42.35843
28,Scientists in Paris to look for answers,Paris,Paris,48.85341,2.3488,FR,2138551.0,2,2.3488,48.85341
29,Key Zika Findings in San Diego Institute,San Diego,San Diego,32.715709999999994,-117.16471999999999,US,1394928.0,0,-117.16471999999999,32.715709999999994
30,Thailand-Zika Virus in Bangkok,Bangkok,Bangkok,13.753979999999999,100.50144,TH,5104476.0,4,100.50144,13.753979999999999
31,Beijing team cracks Zika secret,Beijing,Beijing,39.9075,116.39723000000001,CN,11716620.0,-1,116.39723000000001,39.9075
32,Zika spreading to Salvador,Salvador,Salvador,-12.971110000000001,-38.51083,BR,2711840.0,1,-38.51083,-12.971110000000001
33,Kuala Lumpur is Hit By Zika Threat,Kuala Lumpur,Kuala Lumpur,3.1412,101.68653,MY,1453975.0,4,101.68653,3.1412
34,First Zika case confirmed in Yangon,Yangon,Yangon,16.80528,96.15611,MM,4477638.0,4,96.15611,16.80528
35,Tallahassee Doctors Discuss Zika Virus,Tallahassee,Tallahassee,30.438259999999996,-84.28073,US,189907.0,0,-84.28073,30.438259999999996
36,Zika Virus Reaches San Francisco,San Francisco,San Francisco,37.77493,-122.41942,US,864816.0,0,-122.41942,37.77493
37,New Vaccine on Trial in Bethesda District,Bethesda,Bethesda,38.98067,-77.10025999999999,US,60858.0,0,-77.10025999999999,38.98067
38,Townsville Zika tests inconclusive,Townsville,Townsville,-19.266389999999998,146.80569,AU,196219.0,5,146.80569,-19.266389999999998
39,Mandaluyong City under Siege by Virus,Mandaluyong City,Mandaluyong City,14.5832,121.0409,PH,305576.0,4,121.0409,14.5832
40,Hepatitis E re-emerges in Santa Rosa,Santa Rosa,Santa Rosa,14.312220000000002,121.11138999999999,PH,216650.0,4,121.11138999999999,14.312220000000002
41,Zika worries in San Salvador,San Salvador,San Salvador,13.68935,-89.18718,SV,525990.0,0,-89.18718,13.68935
42,Zika virus reported in Cleveland,Cleveland,Cleveland,41.4995,-81.69541,US,388072.0,0,-81.69541,41.4995
43,More Zika patients reported in Austin,Austin,Austin,30.26715,-97.74306,US,931830.0,0,-97.74306,30.26715
44,"Zika outbreak in Piracicaba, Brazil",Piracicaba,Piracicaba,-22.725279999999998,-47.64917,BR,342209.0,1,-47.64917,-22.725279999999998
45,Lima tries to address Zika Concerns,Lima,Lima,-12.04318,-77.02824,PE,7737002.0,0,-77.02824,-12.04318
46,More people in Toronto are infected with Hepatitis E every year,Toronto,Toronto,43.700109999999995,-79.4163,CA,2600000.0,0,-79.4163,43.700109999999995
47,18 new Zika Cases in Bogota,Bogota,Bogotá,4.60971,-74.08175,CO,7674366.0,0,-74.08175,4.60971
49,Brisbane is infested with Meningitis,Brisbane,Brisbane,-27.467940000000002,153.02809,AU,2189878.0,5,153.02809,-27.467940000000002
50,Cholera outbreak in Dakar,Dakar,Dakar,14.6937,-17.44406,SN,2476400.0,6,-17.44406,14.6937
51,Zika Virus Transmission Detected in Havana,Havana,Havana,23.133020000000002,-82.38304000000001,CU,2163824.0,0,-82.38304000000001,23.133020000000002
52,Zika symtomps spotted in Key West,Key West,Key West,24.555239999999998,-81.78163,US,25755.0,0,-81.78163,24.555239999999998
53,Case of Measles Reported in Vancouver,Vancouver,Vancouver,49.24966,-123.11934,CA,600000.0,0,-123.11934,49.24966
54,"Seattle scientists get $500,000 grant to pursue Zika vaccine New 7:50 pm",Seattle,Seattle,47.60621,-122.33207,US,684451.0,0,-122.33207,47.60621
55,Nashville takes precautions against Zika,Nashville,Nashville,36.165890000000005,-86.78444,US,530852.0,0,-86.78444,36.165890000000005
56,Saint Croix under Zika threat,Saint Croix,Saint Croix,17.727510000000002,-64.74698000000001,VI,50601.0,0,-64.74698000000001,17.727510000000002
57,Fort Collins Encounters Severe Symptoms of Gonorrhea,Fort Collins,Fort Collins,40.58526,-105.08442,US,161175.0,0,-105.08442,40.58526
58,"Zika surfaces in Klang, Malaysia",Klang,Klang,3.03667,101.44333,MY,879867.0,4,101.44333,3.03667
59,Rumors about Meningitis spreading in Guatemala City have been refuted,Guatemala City,Guatemala City,14.640720000000002,-90.51326999999999,GT,994938.0,0,-90.51326999999999,14.640720000000002
60,Madison lab developing vaccine against Zika virus [The Wisconsin State Journal],Madison,Madison,43.07305,-89.40123,US,248951.0,0,-89.40123,43.07305
61,New Zika Case Confirmed in Sarasota County,Sarasota,Sarasota,27.33643,-82.53065,US,55118.0,0,-82.53065,27.33643
62,Lower Hospitalization in Entebbe after Rabies Vaccine becomes Mandatory,Entebbe,Entebbe,0.05621,32.479490000000006,UG,62969.0,7,32.479490000000006,0.05621
64,Second Zika Paitient in Brasilia,Brasilia,Brasília,-15.779720000000001,-47.92972,BR,2207718.0,1,-47.92972,-15.779720000000001
65,Jacksonville man hit by Zika,Jacksonville,Jacksonville,30.332179999999997,-81.65565,US,868031.0,0,-81.65565,30.332179999999997
66,Schools in Shenzhen Closed Due to Malaria Outbreak,Shenzhen,Shenzhen,22.54554,114.0683,CN,10358381.0,4,114.0683,22.54554
67,Caracas patient dies,Caracas,Caracas,10.488010000000001,-66.87919000000001,VE,3000000.0,0,-66.87919000000001,10.488010000000001
68,More Quezon City Zika Transmissions,Quezon City,Quezon City,14.6488,121.0509,PH,2761720.0,4,121.0509,14.6488
69,Schools in Sydney Closed Due to Respiratory Syncytial Virus Outbreak,Sydney,Sydney,-33.86785,151.20731999999998,AU,4627345.0,5,151.20731999999998,-33.86785
70,Mumbai's Health Minister warns of more Zika cases,Mumbai,Mumbai,19.07283,72.88261,IN,12691836.0,8,72.88261,19.07283
71,Pune woman diagnosed with Zika,Pune,Pune,18.51957,73.85535,IN,2935744.0,8,73.85535,18.51957
72,Hospitals in Hanoi fill up with Zika patients,Hanoi,Hanoi,21.0245,105.84116999999999,VN,1431270.0,4,105.84116999999999,21.0245
74,Authorities are Worried about the Spread of Bronchitis in Silver Spring,Silver Spring,Silver Spring,38.99067,-77.02609,US,71452.0,0,-77.02609,38.99067
75,Zika: Delhi for strict monitoring,Delhi,Delhi,28.65195,77.23149000000001,IN,10927986.0,8,77.23149000000001,28.65195
77,Belize City under threat from Zika,Belize City,Belize City,17.49952,-88.19756,BZ,61461.0,0,-88.19756,17.49952
78,"Student sick in Campinas, Brazil",Campinas,Campinas,-22.90556,-47.060829999999996,BR,1031554.0,1,-47.060829999999996,-22.90556
79,More Zika cases in Soyapango,Soyapango,Soyapango,13.710239999999999,-89.13989000000001,SV,329708.0,0,-89.13989000000001,13.710239999999999
80,Authorities are Worried about the Spread of Mad Cow Disease in Rome,Rome,Rome,41.89193,12.511330000000001,IT,2318895.0,2,12.511330000000001,41.89193
81,Seoul confirms 14th Zika infection,Seoul,Seoul,37.566,126.9784,KR,10349312.0,4,126.9784,37.566
82,Hepatitis B Vaccine is now Required in Quebec,Quebec,Québec,46.81228,-71.21454,CA,528595.0,0,-71.21454,46.81228
83,Zika outbreak spreads to Mexico City,Mexico City,Mexico City,19.42847,-99.12765999999999,MX,12294193.0,0,-99.12765999999999,19.42847
84,Rochester authorities confirmed the spread of Dengue,Rochester,Rochester,43.15478,-77.61556,US,209802.0,0,-77.61556,43.15478
85,El Paso fighting Zika,El Paso,El Paso,31.75872,-106.48693,US,681124.0,0,-106.48693,31.75872
86,Visitor to Cucuta contracts Zika,Cucuta,Cúcuta,7.893910000000001,-72.50782,CO,721398.0,0,-72.50782,7.893910000000001
87,Zika now spreading through Jakarta,Jakarta,Jakarta,-6.21462,106.84513000000001,ID,8540121.0,4,106.84513000000001,-6.21462
89,Salt Lake City tests new cure for Respiratory Syncytial Virus,Salt Lake City,Salt Lake City,40.76078,-111.89105,US,192672.0,0,-111.89105,40.76078
90,Zika San Antonio Patient Speaks Out,San Antonio,San Antonio,29.424120000000002,-98.49363000000001,US,1469845.0,0,-98.49363000000001,29.424120000000002
91,Ebola outbreak in Kampala,Kampala,Kampala,0.31628,32.582190000000004,UG,1353189.0,7,32.582190000000004,0.31628
92,Precautionary Zika measures in Rockhampton,Rockhampton,Rockhampton,-23.38032,150.50595,AU,61724.0,5,150.50595,-23.38032
93,Zika arrives in Tegucigalpa,Tegucigalpa,Tegucigalpa,14.0818,-87.20681,HN,850848.0,0,-87.20681,14.0818
94,New Zika Case Confirmed in Belo Horizonte,Belo Horizonte,Belo Horizonte,-19.92083,-43.93778,BR,2373224.0,1,-43.93778,-19.92083
95,Case of Hepatitis E Reported in Melbourne,Melbourne,Melbourne,-37.814,144.96331999999998,AU,4246375.0,5,144.96331999999998,-37.814
96,First Columbus Zika case,Columbus,Columbus,39.96118,-82.99879,US,850106.0,0,-82.99879,39.96118
97,New medicine wipes out Tuberculosis in Taipei,Taipei,Taipei,25.04776,121.53185,TW,7871900.0,4,121.53185,25.04776
98,"Zika Patient in Seminole, Florida",Seminole,Seminole,27.83975,-82.79120999999999,US,18153.0,0,-82.79120999999999,27.83975
99,Antipolo under threat from Zika Virus,Antipolo,Antipolo,14.625779999999999,121.12251,PH,549543.0,4,121.12251,14.625779999999999
100,Spreading Zika reaches Bacoor,Bacoor,Bacoor,14.458960000000001,120.93851000000001,PH,356974.0,4,120.93851000000001,14.458960000000001
101,Can Zika make it here to Vero Beach?,Can,Çan,40.03328,27.052359999999997,TR,26201.0,-1,27.052359999999997,40.03328
102,Zika afflicts patient in Calamba,Calamba,Calamba,14.211670000000002,121.16528000000001,PH,316612.0,4,121.16528000000001,14.211670000000002
103,Hollywood Outbreak Film Premieres,Hollywood,Hollywood,34.09834,-118.32673999999999,US,167664.0,0,-118.32673999999999,34.09834
104,Petaling Jaya man ill from Zika,Petaling Jaya,Petaling Jaya,3.1072599999999997,101.60670999999999,MY,520698.0,4,101.60670999999999,3.1072599999999997
105,Malaria is Spreading in Johannesburg,Johannesburg,Johannesburg,-26.202270000000002,28.04363,ZA,2026469.0,9,28.04363,-26.202270000000002
106,Authorities are Worried about the Spread of Norovirus in Buenos Aires,Buenos Aires,Buenos Aires,-34.61315,-58.377230000000004,AR,13076300.0,3,-58.377230000000004,-34.61315
107,Guangzhou Patient in Critical Condition after Contracting Swine Flu,Guangzhou,Guangzhou,23.116670000000003,113.25,CN,11071424.0,4,113.25,23.116670000000003
108,Doral hit by Deadly Virus,Doral,Doral,25.81954,-80.35533000000001,US,56035.0,0,-80.35533000000001,25.81954
109,Tokyo Encounters Severe Symptoms of Meningitis,Tokyo,Tokyo,35.6895,139.69171,JP,8336599.0,4,139.69171,35.6895
110,Rabies Exposure in Hamilton,Hamilton,Hamilton,43.25011,-79.84963,CA,519949.0,0,-79.84963,43.25011
111,Authorities are Worried about the Spread of Influenza in Savannah,Savannah,Savannah,32.08354,-81.09983000000001,US,145674.0,0,-81.09983000000001,32.08354
112,Zika Outbreak in Hyderabad,Hyderabad,Hyderabad,17.38405,78.45636,IN,3597816.0,8,78.45636,17.38405
113,Birmingham Residents Recieve Rabies vaccine,Birmingham,Birmingham,52.48141999999999,-1.89983,GB,984333.0,2,-1.89983,52.48141999999999
114,Is Zika virus in Majuro?,Majuro,Majuro,7.08971,171.38027,MH,25400.0,-1,171.38027,7.08971
115,Spreading Zika ruining Cancun fun,Cancun,Cancún,21.17429,-86.84656,MX,628306.0,0,-86.84656,21.17429
116,Cancun hit by Outbreak of Party Fever!,Cancun,Cancún,21.17429,-86.84656,MX,628306.0,0,-86.84656,21.17429
117,HIV has Arrived in Fairfax,Fairfax,Fairfax,38.84622,-77.30637,US,24013.0,0,-77.30637,38.84622
118,Spanish Flu Outbreak in Barcelona,Barcelona,Barcelona,41.38879,2.15899,ES,1621537.0,2,2.15899,41.38879
119,Santa Barbara tests new cure for Hepatitis C,Santa Barbara,Santa Barbara,34.42083,-119.69819,US,91842.0,0,-119.69819,34.42083
120,Spring break ruined by Zika in Fort Lauderdale,Spring,Spring,30.07994,-95.41716,US,54298.0,0,-95.41716,30.07994
121,Villavicencio under Zika threat,Villavicencio,Villavicencio,4.1419999999999995,-73.62664000000001,CO,321717.0,0,-73.62664000000001,4.1419999999999995
122,Two more Zika cases confirmed in Laredo,Laredo,Laredo,27.50641,-99.50754,US,255473.0,0,-99.50754,27.50641
123,New Delhi Addressing Zika Concerns,New Delhi,New Delhi,28.635759999999998,77.22445,IN,317797.0,8,77.22445,28.635759999999998
124,"New Zika Case in Kota Kinabalu, Malaysia",Kota Kinabalu,Kota Kinabalu,5.9749,116.0724,MY,457326.0,4,116.0724,5.9749
125,New medicine wipes out West Nile Virus in Ventura,Ventura,Ventura,34.27834,-119.29316999999999,US,96769.0,0,-119.29316999999999,34.27834
126,Meningitis re-emerges in Nassau,Nassau,Nassau,25.05823,-77.34306,BS,227940.0,0,-77.34306,25.05823
127,"Zika reaches Johor Bahru, Malaysia",Johor Bahru,Johor Bahru,1.4655,103.7578,MY,802489.0,4,103.7578,1.4655
128,Nha Trang Zika Outbreak,Nha Trang,Nha Trang,12.24507,109.19431999999999,VN,283441.0,4,109.19431999999999,12.24507
129,First Zika Case in Cincinnati,Cincinnati,Cincinnati,39.127109999999995,-84.51439,US,296943.0,0,-84.51439,39.127109999999995
130,Molo Cholera Spread Causing Concern,Molo,Molo,-0.24849000000000002,35.73194,KE,27896.0,7,35.73194,-0.24849000000000002
131,Norovirus Exposure in Hong Kong,Hong Kong,Hong Kong,22.27832,114.17468999999998,HK,7012738.0,4,114.17468999999998,22.27832
132,19 new Zika Cases in Sengkang,Sengkang,Sengkang,-4.1279,120.0297,ID,59523.0,-1,120.0297,-4.1279
133,Zika cases concern Charlotte residents,Charlotte,Charlotte,35.227090000000004,-80.84313,US,827097.0,0,-80.84313,35.227090000000004
134,Batangas Tourism Takes a Hit as Virus Spreads,Batangas,Batangas,13.7567,121.0584,PH,237370.0,4,121.0584,13.7567
135,Johannesburg Patient in Critical Condition after Contracting Pneumonia,Johannesburg,Johannesburg,-26.202270000000002,28.04363,ZA,2026469.0,9,28.04363,-26.202270000000002
136,Outbreak of Zika in Bacolod City,Bacolod City,Bacolod City,10.66667,122.95,PH,454898.0,4,122.95,10.66667
137,Respiratory Syncytial Virus Keeps Spreading in Masaya,Masaya,Masaya,11.97444,-86.09416999999999,NI,130113.0,0,-86.09416999999999,11.97444
138,Spike of Pneumonia Cases in Springfield,Springfield,Springfield,37.21533,-93.29824,US,166810.0,0,-93.29824,37.21533
140,Zika case reported in Jupiter,Jupiter,Jupiter,26.93422,-80.09421,US,62707.0,0,-80.09421,26.93422
141,Zika virus confirmed in Westchester,Westchester,Westchester,25.754820000000002,-80.32727,US,29862.0,0,-80.32727,25.754820000000002
142,Authorities are Worried about the Spread of Tuberculosis in Abuja,Abuja,Abuja,9.05785,7.495080000000001,NG,590400.0,10,7.495080000000001,9.05785
143,Rumors about Hepatitis D Spreading in San Juan Capistrano have been Refuted,San Juan Capistrano,San Juan Capistrano,33.50169,-117.66255,US,36454.0,0,-117.66255,33.50169
144,The Spread of Measles in Spokane has been Confirmed,Spokane,Spokane,47.659659999999995,-117.42908,US,213272.0,0,-117.42908,47.659659999999995
145,Zika alert for Rio Grande Valley residents,Rio Grande,Río Grande,-53.787690000000005,-67.70945999999999,AR,52681.0,-1,-67.70945999999999,-53.787690000000005
146,Zika symptoms spotted in Colombo,Colombo,Colombo,6.93548,79.84868,LK,648034.0,8,79.84868,6.93548
147,West Nile Virus Outbreak in Louisville,Louisville,Louisville,38.25424,-85.75941,US,243639.0,0,-85.75941,38.25424
148,New details in Baton Rouge cop killings,Baton Rouge,Baton Rouge,30.44332,-91.18746999999999,US,228590.0,0,-91.18746999999999,30.44332
149,Hepatitis B has not Left Florence,Florence,Florence,43.77925,11.246260000000001,IT,349296.0,2,11.246260000000001,43.77925
150,More Zika patients reported in Pensacola,Pensacola,Pensacola,30.42131,-87.21691,US,53193.0,0,-87.21691,30.42131
151,Outbreak of Zika in Corpus Christi,Corpus Christi,Corpus Christi,27.80058,-97.39638000000001,US,324074.0,0,-97.39638000000001,27.80058
152,How to Avoid Rhinovirus in Lemon Grove,Lemon Grove,Lemon Grove,32.74255,-117.03142,US,26709.0,0,-117.03142,32.74255
153,Rumors about Rotavirus spreading in Huntsville have been refuted,Huntsville,Huntsville,34.7304,-86.58594000000001,US,190582.0,0,-86.58594000000001,34.7304
154,Rhinovirus has Arrived in Athens,Athens,Athens,37.98376,23.72784,GR,664046.0,-1,23.72784,37.98376
155,Outbreak of Zika in Panama City,Panama City,Panama City,30.15946,-85.65983,US,38286.0,0,-85.65983,30.15946
157,Measles has not Left Brooklyn,Brooklyn,Brooklyn,40.6501,-73.94958000000001,US,2300664.0,0,-73.94958000000001,40.6501
158,Escondido neighborhood to get sprayed for Zika virus,Escondido,Escondido,33.119209999999995,-117.08641999999999,US,151451.0,0,-117.08641999999999,33.119209999999995
159,"Zika in Belmont, Belmont worry",Belmont,Belmont,37.52021,-122.2758,US,27218.0,0,-122.2758,37.52021
160,Influenza has not Left Sacramento,Sacramento,Sacramento,38.58157,-121.4944,US,490712.0,0,-121.4944,38.58157
161,Veracruz hit by Zika Concerns,Veracruz,Veracruz,19.18095,-96.1429,MX,428323.0,0,-96.1429,19.18095
162,Case of Mumps Reported in Dayton,Dayton,Dayton,39.75895,-84.19161,US,140599.0,0,-84.19161,39.75895
163,Authorities are Worried about the Spread of Dengue in Kingston,Kingston,Kingston,17.997020000000003,-76.79358,JM,937700.0,0,-76.79358,17.997020000000003
164,Gainesville Deals with Disease Concerns,Gainesville,Gainesville,29.651629999999997,-82.32483,US,130128.0,0,-82.32483,29.651629999999997
165,Montevideo Encounters Severe Symptoms of Rotavirus,Montevideo,Montevideo,-34.90328,-56.188159999999996,UY,1270737.0,3,-56.188159999999996,-34.90328
166,Varicella Keeps Spreading in Detroit,Detroit,Detroit,42.33143,-83.04575,US,677116.0,0,-83.04575,42.33143
167,Arhus is infested with Bronchitis,Arhus,Århus,56.15674,10.21076,DK,237551.0,2,10.21076,56.15674
168,Zika Troubles come to Niteroi,Niteroi,Niterói,-22.883329999999997,-43.103609999999996,BR,456456.0,1,-43.103609999999996,-22.883329999999997
169,Zika cases in Singapore reach 393,Singapore,Singapore,1.28967,103.85007,SG,3547809.0,4,103.85007,1.28967
170,Manhattan Residents Recieve HIV vaccine,Manhattan,Manhattan,40.783429999999996,-73.96625,US,1487536.0,0,-73.96625,40.783429999999996
171,Zika arrives in Miri,Miri,Miri,4.39928,113.99163,MY,228212.0,4,113.99163,4.39928
172,Rumors about Dengue Spreading in Syracuse have been Refuted,Syracuse,Syracuse,43.048120000000004,-76.14742,US,144142.0,0,-76.14742,43.048120000000004
173,Will Norovirus vaccine help Raleigh?,Raleigh,Raleigh,35.7721,-78.63861,US,451066.0,0,-78.63861,35.7721
174,Lower Hospitalization in Auckland after Hepatitis D Vaccine becomes Mandatory,Auckland,Auckland,-36.84853,174.76349,NZ,417910.0,-1,174.76349,-36.84853
175,How to Avoid Gonorrhea in Shreveport,Shreveport,Shreveport,32.52515,-93.75018,US,197204.0,0,-93.75018,32.52515
176,Ithaca is infested with Dengue,Ithaca,Ithaca,42.44063,-76.49661,US,30788.0,0,-76.49661,42.44063
177,Will MCD vaccine help Strasbourg?,Strasbourg,Strasbourg,48.58392,7.7455300000000005,FR,274845.0,2,7.7455300000000005,48.58392
178,New medicine wipes out Measles in Fresno,Fresno,Fresno,36.74773,-119.77237,US,520052.0,0,-119.77237,36.74773
179,BREAKING - Zika in Missoula,Missoula,Missoula,46.87215,-113.994,US,71022.0,0,-113.994,46.87215
180,Zika arrives in Santos,Santos,Santos,-23.960829999999998,-46.33361,BR,411403.0,1,-46.33361,-23.960829999999998
181,Sick Livestock Leads to Serious Trouble for Belfort,Belfort,Belfort,47.642179999999996,6.85385,FR,54562.0,2,6.85385,47.642179999999996
182,Hepatitis E has not Left Libreville,Libreville,Libreville,0.39241,9.453560000000001,GA,578156.0,10,9.453560000000001,0.39241
183,New medicine wipes out Chikungunya in Tucson,Tucson,Tucson,32.221740000000004,-110.92648,US,531641.0,0,-110.92648,32.221740000000004
184,Norovirus has Arrived in Winnipeg,Winnipeg,Winnipeg,49.8844,-97.14704,CA,632063.0,0,-97.14704,49.8844
185,Hepatitis B Comes to Kansas City,Kansas City,Kansas City,39.09973,-94.57857,US,475378.0,0,-94.57857,39.09973
186,More Patients in Cambridge are Getting Diagnosed with Chickenpox,Cambridge,Cambridge,52.2,0.11667000000000001,GB,158434.0,2,0.11667000000000001,52.2
187,Chikungunya Exposure in Toledo,Toledo,Toledo,41.663940000000004,-83.55521,US,279789.0,0,-83.55521,41.663940000000004
188,Is Lafayette prepared to combat Zika?,Lafayette,Lafayette,30.224090000000004,-92.01984,US,127657.0,0,-92.01984,30.224090000000004
189,Mecca tests new cure for Chikungunya,Mecca,Mecca,21.42664,39.82563,SA,1323624.0,11,39.82563,21.42664
190,Zika arrives in San Benito,San Benito,San Benito,16.91675,-89.91898,GT,30764.0,0,-89.91898,16.91675
191,Syphilis Outbreak in Harrisburg,Harrisburg,Harrisburg,40.2737,-76.88441999999999,US,49081.0,0,-76.88441999999999,40.2737
192,Zika Arrives in North Miami,North Miami,North Miami,25.89009,-80.18670999999999,US,62435.0,0,-80.18670999999999,25.89009
193,Urbana Encounters Severe Symptoms of Meningitis,Urbana,Urbana,40.11059,-88.20727,US,42311.0,0,-88.20727,40.11059
194,Pittsburgh Residents Recieve Norovirus vaccine,Pittsburgh,Pittsburgh,40.44062,-79.99589,US,304391.0,0,-79.99589,40.44062
195,Chikungunya Hits Denver,Denver,Denver,39.73915,-104.9847,US,682545.0,0,-104.9847,39.73915
196,Zika case recorded in Tunapuna >>,Tunapuna,Tunapuna,10.65245,-61.388780000000004,TT,17758.0,0,-61.388780000000004,10.65245
197,Spike of Respiratory Syncytial Virus Cases in Mandalay,Mandalay,Mandalay,21.974729999999997,96.08359,MM,1208099.0,4,96.08359,21.974729999999997
198,HIV Keeps Spreading in Boulder,Boulder,Boulder,40.014990000000004,-105.27055,US,107349.0,0,-105.27055,40.014990000000004
199,More Zika patients reported in Joao Pessoa,Joao Pessoa,João Pessoa,-7.115,-34.86306,BR,650883.0,1,-34.86306,-7.115
200,Will Tuberculosis vaccine help Rockville?,Rockville,Rockville,39.084,-77.15276,US,66980.0,0,-77.15276,39.084
201,Mad Cow Disease Re-emerges in Chatham,Chatham,Chatham,51.37891,0.52786,GB,75509.0,2,0.52786,51.37891
202,Zika Virus Arrives in Ontario,Ontario,Ontario,34.063340000000004,-117.65088999999999,US,171214.0,0,-117.65088999999999,34.063340000000004
203,Mad Cow Disease Hits Naples,Naples,Naples,40.85216,14.26811,IT,959470.0,2,14.26811,40.85216
204,More Zika patients reported in Davao,Davao,Davao,7.073060000000001,125.61278,PH,1212504.0,4,125.61278,7.073060000000001
205,The Spread of Chikungunya in Arcadia has been Confirmed,Arcadia,Arcadia,34.13973,-118.03533999999999,US,58408.0,0,-118.03533999999999,34.13973
206,Oxford tests new cure for HIV,Oxford,Oxford,51.75222,-1.25596,GB,171380.0,2,-1.25596,51.75222
207,Outbreak of Zika in Stephenville,Stephenville,Stephenville,32.2207,-98.20226,US,20120.0,0,-98.20226,32.2207
208,Providence Encounters Severe Symptoms of Dengue,Providence,Providence,41.82399,-71.41283,US,179207.0,0,-71.41283,41.82399
209,Tests negative on Windsor Zika carriers,Windsor,Windsor,42.30008,-83.01654,CA,278013.0,0,-83.01654,42.30008
210,Zika battle outlined at Valdosta meeting,Valdosta,Valdosta,30.833340000000003,-83.28031999999999,US,55724.0,0,-83.28031999999999,30.833340000000003
211,Zika case reported in Coral Gables,Coral Gables,Coral Gables,25.72149,-80.26838000000001,US,51117.0,0,-80.26838000000001,25.72149
212,Hepatitis C Outbreak in Danbury,Danbury,Danbury,41.39482,-73.45401,US,84657.0,0,-73.45401,41.39482
213,Chickenpox has Arrived in Chula Vista,Chula Vista,Chula Vista,32.64005,-117.0842,US,265757.0,0,-117.0842,32.64005
214,Syphilis Hits Jefferson,Jefferson,Jefferson,38.86456,-77.18776,US,28487.0,0,-77.18776,38.86456
215,Will HIV vaccine help Las Vegas?,Las Vegas,Las Vegas,36.17497,-115.13722,US,623747.0,0,-115.13722,36.17497
216,Zika arrives in West Palm Beach,West Palm Beach,West Palm Beach,26.71534,-80.05337,US,106779.0,0,-80.05337,26.71534
217,Mobile authorities confirmed the spread of Bronchitis,Mobile,Mobile,30.694359999999996,-88.04305,US,194288.0,0,-88.04305,30.694359999999996
218,Zika spreads to Daytona Beach,Daytona Beach,Daytona Beach,29.21081,-81.02283,US,64736.0,0,-81.02283,29.21081
219,Lausanne Residents Recieve Meningitis vaccine,Lausanne,Lausanne,46.516000000000005,6.63282,CH,116751.0,2,6.63282,46.516000000000005
220,Rhinovirus Comes to San Jose,San Jose,San Jose,37.33939,-121.89496000000001,US,1026908.0,0,-121.89496000000001,37.33939
221,Spike of Chlamydia Cases in Farmington,Farmington,Farmington,36.72806,-108.21869,US,42871.0,0,-108.21869,36.72806
222,Authorities are Worried about the Spread of Rotavirus in Union,Union,Union,40.6976,-74.2632,US,56771.0,0,-74.2632,40.6976
223,Rumors about Hepatitis D spreading in Albany have been refuted,Albany,Albany,42.65258,-73.75623,US,98469.0,0,-73.75623,42.65258
224,Zika symptoms spotted in Bello,Bello,Bello,6.33732,-75.55795,CO,392939.0,0,-75.55795,6.33732
225,Will Meningitis vaccine help Hamburg?,Hamburg,Hamburg,53.57532,10.01534,DE,1739117.0,2,10.01534,53.57532
226,Madera Patient in Critical Condition after Contracting Rabies,Madera,Madera,36.96134,-120.06071999999999,US,64208.0,0,-120.06071999999999,36.96134
227,Zika Virus Detected in Lubbock,Lubbock,Lubbock,33.57786,-101.85517,US,249042.0,0,-101.85517,33.57786
228,Malaria re-emerges in Boise,Boise,Boise,43.6135,-116.20345,US,145987.0,0,-116.20345,43.6135
229,Varicella re-emerges in Lagos,Lagos,Lagos,6.45407,3.3946699999999996,NG,9000000.0,10,3.3946699999999996,6.45407
230,Vericella spreading in Ibadan,Ibadan,Ibadan,7.377560000000001,3.90591,NG,3565108.0,10,3.90591,7.377560000000001
231,Schools in Birmingham Closed Due to Measles Outbreak,Birmingham,Birmingham,52.48141999999999,-1.89983,GB,984333.0,2,-1.89983,52.48141999999999
232,How to Avoid Hepatitis B in Waldorf,Waldorf,Waldorf,38.624559999999995,-76.93914000000001,US,67752.0,0,-76.93914000000001,38.624559999999995
235,Tuberculosis Outbreak in Newark,Newark,Newark,40.735659999999996,-74.17237,US,281944.0,0,-74.17237,40.735659999999996
236,Zika Virus Sparks 'International Concern',Sparks,Sparks,39.534909999999996,-119.75268999999999,US,96094.0,0,-119.75268999999999,39.534909999999996
237,Spike of Chlamydia Cases in Berlin,Berlin,Berlin,52.52437,13.41053,DE,3426354.0,2,13.41053,52.52437
238,Zika-carrying mosquitoes discovered in Ardmore,Ardmore,Ardmore,34.17426,-97.14363,US,25176.0,0,-97.14363,34.17426
239,"Zika Mosquitoes May Have Bred in Bromeliads, Florida Officials Say",Florida,Florida,21.52536,-78.22579,CU,63007.0,0,-78.22579,21.52536
240,More Livestock in Fontainebleau are infected with Mad Cow Disease,Fontainebleau,Fontainebleau,48.409079999999996,2.7017700000000002,FR,19717.0,2,2.7017700000000002,48.409079999999996
241,Frisco Woman Tests Positive For Zika Virus,Frisco,Frisco,33.15067,-96.82361,US,154407.0,0,-96.82361,33.15067
242,Authorities are Worried about the Spread of Norovirus in Dubai,Dubai,Dubai,25.07725,55.30927,AE,2956587.0,-1,55.30927,25.07725
243,Benton Residents Recieve Pneumonia vaccine,Benton,Benton,34.56454,-92.58683,US,34177.0,0,-92.58683,34.56454
244,Case of Hepatitis A Reported in Calgary,Calgary,Calgary,51.05011,-114.08528999999999,CA,1019942.0,0,-114.08528999999999,51.05011
245,Zika Outbreak in Pinewood,Pinewood,Pinewood,25.86898,-80.21699,US,16520.0,0,-80.21699,25.86898
246,Will Swine Flu vaccine help Ljubljana?,Ljubljana,Ljubljana,46.05108,14.50513,SI,272220.0,2,14.50513,46.05108
247,Bronchitis re-emerges in Tehran,Tehran,Tehran,35.694390000000006,51.42151,IR,7153309.0,12,51.42151,35.694390000000006
249,Mad Cow case in Murcia,Murcia,Murcia,37.98704,-1.13004,ES,436870.0,2,-1.13004,37.98704
250,Mad Cow Disease Spreads to Margate,Margate,Margate,51.38132,1.3861700000000001,GB,60134.0,2,1.3861700000000001,51.38132
251,Zika Strikes St. Petersburg,St. Petersburg,St. Petersburg,27.77086,-82.67926999999999,US,257083.0,0,-82.67926999999999,27.77086
253,Will the Mad Cow Outbreak Reach Vienna?,Vienna,Vienna,48.208490000000005,16.37208,AT,1691468.0,2,16.37208,48.208490000000005
254,More Patients in Orange are Getting Diagnosed with Chickenpox,Orange,Orange,33.78779,-117.85311000000002,US,140992.0,0,-117.85311000000002,33.78779
255,Lower Hospitalization in Richmond after Mumps Vaccine becomes Mandatory,Richmond,Richmond,37.55376,-77.46025999999999,US,220289.0,0,-77.46025999999999,37.55376
256,Meningitis re-emerges in Medina,Medina,Medina,24.46861,39.61417,SA,1300000.0,11,39.61417,24.46861
258,Four cases of Zika in Hidalgo County,Hidalgo,Hidalgo,25.97205,-100.45029,MX,16524.0,0,-100.45029,25.97205
259,Zika symptoms spotted in Hollywood,Hollywood,Hollywood,34.09834,-118.32673999999999,US,167664.0,0,-118.32673999999999,34.09834
260,Zika arrives in Oaxaca,Oaxaca,Oaxaca,17.06542,-96.72365,MX,255029.0,0,-96.72365,17.06542
261,More people in Durham are infected with Chlamydia every year,Durham,Durham,35.99403,-78.89862,US,257636.0,0,-78.89862,35.99403
262,Authorities are Worried about the Spread of Gonorrhea in Taoyuan City,Taoyuan City,Taoyuan City,24.993679999999998,121.29696000000001,TW,402014.0,4,121.29696000000001,24.993679999999998
263,Swine Flu re-emerges in La Jolla,La Jolla,La Jolla,32.84727,-117.2742,US,42808.0,0,-117.2742,32.84727
264,Tuberculosis Outbreak in Hartford,Hartford,Hartford,41.763709999999996,-72.68509,US,124006.0,0,-72.68509,41.763709999999996
265,Rumors about Mumps Spreading in New Bedford have been Refuted,New Bedford,New Bedford,41.635259999999995,-70.92701,US,94958.0,0,-70.92701,41.635259999999995
266,Respiratory Syncytial Virus Vaccine is now Required in Tulsa,Tulsa,Tulsa,36.15398,-95.99277,US,403505.0,0,-95.99277,36.15398
267,More people in Indianapolis are infected with Norovirus every year,Indianapolis,Indianapolis,39.76838,-86.15804,US,829718.0,0,-86.15804,39.76838
268,Lower Hospitalization in Dhaka after Measles Vaccine becomes Mandatory,Dhaka,Dhāka,26.67479,85.16698000000001,IN,36111.0,8,85.16698000000001,26.67479
269,Albany Residents Recieve Respiratory Syncytial Virus vaccine,Albany,Albany,42.65258,-73.75623,US,98469.0,0,-73.75623,42.65258
271,Rotavirus Vaccine is now Required in Starkville,Starkville,Starkville,33.45049,-88.81961,US,25366.0,0,-88.81961,33.45049
272,Schools in Yaounde Closed Due to Mumps Outbreak,Yaounde,Yaoundé,3.8666699999999996,11.51667,CM,1299369.0,10,11.51667,3.8666699999999996
273,More people in Nadi are infected with HIV every year,Nadi,Nadi,-17.80309,177.41617,FJ,42284.0,13,177.41617,-17.80309
274,Tocumen tests new cure for Hepatitis A,Tocumen,Tocumen,9.08939,-79.3831,PA,50844.0,0,-79.3831,9.08939
275,Phnom Penh hit by Zika Threat,Phnom Penh,Phnom Penh,11.56245,104.91601000000001,KH,1573544.0,4,104.91601000000001,11.56245
276,Zika Troubles come to Harlingen,Harlingen,Harlingen,26.19063,-97.6961,US,65774.0,0,-97.6961,26.19063
277,Zika spreads to Barranquilla,Barranquilla,Barranquilla,10.968539999999999,-74.78132,CO,1380425.0,0,-74.78132,10.968539999999999
278,Milwaukee authorities confirmed the spread of Rhinovirus,Milwaukee,Milwaukee,43.0389,-87.90647,US,600155.0,0,-87.90647,43.0389
279,Mad Cow Disease Hits Rotterdam,Rotterdam,Rotterdam,51.9225,4.47917,NL,598199.0,2,4.47917,51.9225
280,Zika symptoms spotted in Arlington,Arlington,Arlington,32.735690000000005,-97.10807,US,388125.0,0,-97.10807,32.735690000000005
281,West Nile Virus Hits Yogyakarta,Yogyakarta,Yogyakarta,-7.80139,110.36471999999999,ID,636660.0,4,110.36471999999999,-7.80139
282,More Patients in Dublin are Getting Diagnosed with Bronchitis,Dublin,Dublin,53.333059999999996,-6.24889,IE,1024027.0,2,-6.24889,53.333059999999996
283,Rumors about Tuberculosis Spreading in Baud have been Refuted,Baud,Baud,20.83773,84.32618000000001,IN,18945.0,8,84.32618000000001,20.83773
284,Rumors about West Nile Virus Spreading in Salem have been Refuted,Salem,Salem,11.65376,78.15538000000001,IN,778396.0,8,78.15538000000001,11.65376
285,St. Catharines Patient in Critical Condition after Contracting Dengue,St. Catharines,St. Catharines,43.17126,-79.24266999999999,CA,131989.0,0,-79.24266999999999,43.17126
287,More Zika patients reported in Camacari,Camacari,Camaçari,-12.6975,-38.32417,BR,188758.0,1,-38.32417,-12.6975
288,Outbreak of Zika in Pasig City,Pasig City,Pasig City,14.586910000000001,121.0614,PH,617301.0,4,121.0614,14.586910000000001
289,Zika Troubles come to Kampong Cham,Kampong Cham,Kampong Cham,11.99339,105.4635,KH,61750.0,4,105.4635,11.99339
290,Zika case reported in Rizal,Rizal,Rizal,15.7118,121.1061,PH,26201.0,4,121.1061,15.7118
291,Zika Spreads to Palm Beach Gardens,Palm Beach Gardens,Palm Beach Gardens,26.823390000000003,-80.13865,US,52923.0,0,-80.13865,26.823390000000003
292,More people in Saint Petersburg are infected with Varicella every year,Saint Petersburg,Saint Petersburg,59.93863,30.31413,RU,5028000.0,-1,30.31413,59.93863
293,Spike of Herpes Cases in Meriden,Meriden,Meriden,41.53815,-72.80704,US,59988.0,0,-72.80704,41.53815
294,Zika case reported in Abilene,Abilene,Abilene,32.44874,-99.73314,US,121721.0,0,-99.73314,32.44874
295,Outbreak of Zika in Palm Springs,Palm Springs,Palm Springs,33.8303,-116.54529,US,47371.0,0,-116.54529,33.8303
296,Halifax is infested with Swine Flu,Halifax,Halifax,44.64533,-63.572390000000006,CA,359111.0,0,-63.572390000000006,44.64533
297,Zika arrives in Natal,Natal,Natal,-5.795,-35.20944,BR,763043.0,1,-35.20944,-5.795
298,Herpes Keeps Spreading in Rochester,Rochester,Rochester,43.15478,-77.61556,US,209802.0,0,-77.61556,43.15478
299,Zika case reported in Phetchabun,Phetchabun,Phetchabun,16.41904,101.16056,TH,50656.0,4,101.16056,16.41904
300,How to Avoid Pneumonia in Bullhead City,Bullhead City,Bullhead City,35.14778,-114.5683,US,39445.0,0,-114.5683,35.14778
301,West Nile Virus re-emerges in Wellington,Wellington,Wellington,-41.286640000000006,174.77557,NZ,381900.0,-1,174.77557,-41.286640000000006
302,Rumors about Pneumonia spreading in Ottawa have been refuted,Ottawa,Ottawa,45.41117,-75.69811999999999,CA,812129.0,0,-75.69811999999999,45.41117
303,Meningitis re-emerges in Summerville,Summerville,Summerville,33.0185,-80.17565,US,48848.0,0,-80.17565,33.0185
304,Pneumonia Symptoms Spread all over Bloomington,Bloomington,Bloomington,44.8408,-93.29828,US,86435.0,0,-93.29828,44.8408
305,More Patients in Stuttgart are Getting Diagnosed with Rabies,Stuttgart,Stuttgart,48.78232,9.177019999999999,DE,589793.0,2,9.177019999999999,48.78232
306,Schools in Glasgow Closed Due to Hepatitis B Outbreak,Glasgow,Glasgow,55.86515,-4.257630000000001,GB,591620.0,2,-4.257630000000001,55.86515
307,Phoenix Residents Recieve Syphilis vaccine,Phoenix,Phoenix,33.44838,-112.07404,US,1563025.0,0,-112.07404,33.44838
309,Spanish flu spreading in Madrid,Madrid,Madrid,40.4165,-3.70256,ES,3255944.0,2,-3.70256,40.4165
310,Rabies Hits Madrid,Madrid,Madrid,40.4165,-3.70256,ES,3255944.0,2,-3.70256,40.4165
311,Zika Outbreak in Weslaco,Weslaco,Weslaco,26.15952,-97.99084,US,39474.0,0,-97.99084,26.15952
312,How to Avoid Chlamydia in Santiago,Santiago,Santiago,-33.45694,-70.64827,CL,4837295.0,3,-70.64827,-33.45694
313,Rotavirus Vaccine is now Required in Las Cumbres,Las Cumbres,Las Cumbres,9.089160000000001,-79.52809,PA,69102.0,0,-79.52809,9.089160000000001
314,Mumps Symptoms Spread all over Jefferson,Jefferson,Jefferson,38.86456,-77.18776,US,28487.0,0,-77.18776,38.86456
315,Mad Cow Outbreak Spreading in Ennis,Ennis,Ennis,52.84361,-8.98639,IE,24427.0,2,-8.98639,52.84361
316,Southampton Patient in Critical Condition after Contracting Tuberculosis,Southampton,Southampton,50.90395,-1.40428,GB,246201.0,2,-1.40428,50.90395
317,The Spread of Rhinovirus in Boardman has been Confirmed,Boardman,Boardman,41.024229999999996,-80.66285,US,35376.0,0,-80.66285,41.024229999999996
318,Richland Center is infested with Hepatitis B,Richland,Richland,46.28569,-119.28446000000001,US,54248.0,0,-119.28446000000001,46.28569
319,Authorities are Worried about the Spread of Chickenpox in Richmond,Richmond,Richmond,37.55376,-77.46025999999999,US,220289.0,0,-77.46025999999999,37.55376
320,Chikungunya re-emerges in Kobe,Kobe,Kobe,34.6913,135.183,JP,1528478.0,4,135.183,34.6913
321,Malaria Vaccine is now Required in Schenectady,Schenectady,Schenectady,42.814240000000005,-73.93956999999999,US,65305.0,0,-73.93956999999999,42.814240000000005
322,Hepatitis D has Arrived in Grenoble,Grenoble,Grenoble,45.17869,5.71479,FR,158552.0,2,5.71479,45.17869
323,West Nile Virus Symptoms Spread all over Yerevan,Yerevan,Yerevan,40.18111,44.51361,AM,1093485.0,12,44.51361,40.18111
324,Zika Outbreak in Sincelejo,Sincelejo,Sincelejo,9.30472,-75.39778000000001,CO,261187.0,0,-75.39778000000001,9.30472
325,Rumors about HIV spreading in Montpellier have been refuted,Montpellier,Montpellier,43.61092,3.8772300000000004,FR,248252.0,2,3.8772300000000004,43.61092
326,Praia tests new cure for Pneumonia,Praia,Praia,14.93152,-23.512539999999998,CV,113364.0,6,-23.512539999999998,14.93152
328,Lower Hospitalization in Lakewood after Hepatitis B Vaccine becomes Mandatory,Lakewood,Lakewood,39.70471,-105.08136999999999,US,152597.0,0,-105.08136999999999,39.70471
329,Zika spreads to Kuching,Kuching,Kuching,1.55,110.33333,MY,570407.0,4,110.33333,1.55
330,Spike of Rotavirus Cases in Omaha,Omaha,Omaha,41.25626,-95.94043,US,443885.0,0,-95.94043,41.25626
331,Tuberculosis re-emerges in Silver Springs,Springs,Springs,-26.25,28.4,ZA,186394.0,9,28.4,-26.25
332,Will West Nile Virus vaccine help Coronado?,Coronado,Coronado,32.68589,-117.18308999999999,US,24812.0,0,-117.18308999999999,32.68589
333,Zika case confirmed in Lorain,Lorain,Lorain,41.45282,-82.18236999999999,US,63647.0,0,-82.18236999999999,41.45282
334,Chickenpox Hits Simpsonville,Simpsonville,Simpsonville,34.73706,-82.25428000000001,US,20736.0,0,-82.25428000000001,34.73706
335,Framingham Residents Receive Measles vaccine,Framingham,Framingham,42.27926,-71.41617,US,68318.0,0,-71.41617,42.27926
336,Rumors about Mad Cow Disease Brighton have been Refuted,Brighton,Brighton,50.828379999999996,-0.13947,GB,139001.0,2,-0.13947,50.828379999999996
337,Zika case reported in Jacobina,Jacobina,Jacobina,-11.18143,-40.51372,BR,47637.0,1,-40.51372,-11.18143
338,Bridgeport authorities confirmed the spread of West Nile Virus,Bridgeport,Bridgeport,41.17923,-73.18945,US,147629.0,0,-73.18945,41.17923
340,Measles Vaccine is now Required in Wailuku,Wailuku,Wailuku,20.89133,-156.50603999999998,US,15313.0,-1,-156.50603999999998,20.89133
341,Zika symptoms spotted in Surat,Surat,Sūrat,21.19594,72.83023,IN,2894504.0,8,72.83023,21.19594
343,More contaminated cattle reported in Bedford,Bedford,Bedford,52.13459,-0.46631999999999996,GB,106940.0,2,-0.46631999999999996,52.13459
344,Zika in Tamarac!,Tamarac,Tamarac,26.21286,-80.24977,US,64681.0,0,-80.24977,26.21286
345,Will Measles vaccine help Milford?,Milford,Milford,41.22232,-73.0565,US,52759.0,0,-73.0565,41.22232
346,Spike of Norovirus Cases in Huddersfield,Huddersfield,Huddersfield,53.64904,-1.7841599999999997,GB,149017.0,2,-1.7841599999999997,53.64904
347,Rhinovirus Hits Bakersfield,Bakersfield,Bakersfield,35.373290000000004,-119.01871000000001,US,373640.0,0,-119.01871000000001,35.373290000000004
348,Lower Hospitalization in Papeete after Measles Vaccine becomes Mandatory,Papeete,Papeete,-17.537329999999997,-149.5665,PF,26357.0,-1,-149.5665,-17.537329999999997
349,Zika arrives in Udon Thani,Udon Thani,Udon Thani,17.415670000000002,102.78589000000001,TH,247231.0,4,102.78589000000001,17.415670000000002
350,Spike of Dengue Cases in Stockholm,Stockholm,Stockholm,59.33258000000001,18.0649,SE,1515017.0,2,18.0649,59.33258000000001
351,More people in Berkeley are infected with Swine Flu every year,Berkeley,Berkeley,37.871590000000005,-122.27275,US,120972.0,0,-122.27275,37.871590000000005
353,Zika only the latest mosquito-borne threat to New Orleans,New Orleans,New Orleans,29.95465,-90.07507,US,389617.0,0,-90.07507,29.95465
354,Will Swine Flu vaccine help Annapolis?,Annapolis,Annapolis,38.97845,-76.49218,US,39474.0,0,-76.49218,38.97845
355,Lower Hospitalization in Monroe after Hepatitis D Vaccine becomes Mandatory,Monroe,Monroe,32.50931,-92.1193,US,49598.0,0,-92.1193,32.50931
356,New medicine wipes out Dengue in Saginaw,Saginaw,Saginaw,43.419470000000004,-83.95081,US,49347.0,0,-83.95081,43.419470000000004
357,Spike of Rhinovirus Cases in Sevierville,Sevierville,Sevierville,35.86815,-83.56184,US,16490.0,0,-83.56184,35.86815
358,Duisburg up in Arms over Mad Cow Disease,Duisburg,Duisburg,51.43247,6.765160000000001,DE,504358.0,2,6.765160000000001,51.43247
359,New medicine wipes out Mumps in Saint Charles,Saint Charles,Saint Charles,38.78394,-90.48123000000001,US,65794.0,0,-90.48123000000001,38.78394
360,Case of Chikungunya Reported in Gaithersburg,Gaithersburg,Gaithersburg,39.143440000000005,-77.20137,US,67456.0,0,-77.20137,39.143440000000005
361,How to Avoid Respiratory Syncytial Virus in San Bernardino,San Bernardino,San Bernardino,34.108340000000005,-117.28976999999999,US,216108.0,0,-117.28976999999999,34.108340000000005
362,Laventille authorities confirmed the spread of Rhinovirus,Laventille,Laventille,10.64917,-61.49889,TT,21000.0,0,-61.49889,10.64917
363,More Zika patients reported in Waco,Waco,Waco,31.549329999999998,-97.14667,US,132356.0,0,-97.14667,31.549329999999998
364,Will Herpes vaccine help Newcastle?,Newcastle,Newcastle,-27.757959999999997,29.9318,ZA,404838.0,9,29.9318,-27.757959999999997
365,Erie County sets Zika traps,Erie,Erie,42.129220000000004,-80.08506,US,99475.0,0,-80.08506,42.129220000000004
367,How to Avoid Norovirus in Greenville,Greenville,Greenville,35.61266,-77.36635,US,90597.0,0,-77.36635,35.61266
368,More Zika patients reported in Calumpang,Calumpang,Calumpang,14.6228,121.0897,PH,15589.0,4,121.0897,14.6228
369,Zika symptoms spotted in Quisqueya,Quisqueya,Quisqueya,18.55542,-69.40814,DO,17694.0,0,-69.40814,18.55542
370,Rumors about Hepatitis D Spreading in Montreal have been Refuted,Montreal,Montréal,45.50884,-73.58781,CA,1600000.0,0,-73.58781,45.50884
371,Zika symptoms spotted in Fortaleza,Fortaleza,Fortaleza,-3.7172199999999997,-38.54306,BR,2400000.0,1,-38.54306,-3.7172199999999997
372,Rumors about Bronchitis spreading in Bundaberg have been refuted,Bundaberg,Bundaberg,-24.86621,152.3479,AU,70826.0,5,152.3479,-24.86621
373,Hepatitis A re-emerges in Stamford,Stamford,Stamford,41.05343,-73.53873,US,128874.0,0,-73.53873,41.05343
374,Schools in Huntington Closed Due to Rotavirus Outbreak,Huntington,Huntington,38.41925,-82.44515,US,48638.0,0,-82.44515,38.41925
375,Will Mad Cow Vaccine Help Bristol?,Bristol,Bristol,51.45523,-2.59665,GB,617280.0,2,-2.59665,51.45523
376,Chickenpox Comes to Stillwater,Stillwater,Stillwater,36.11561,-97.05837,US,48967.0,0,-97.05837,36.11561
377,The Spread of Meningitis in Imperial has been Confirmed,Imperial,Imperial,-13.05927,-76.35269,PE,32344.0,0,-76.35269,-13.05927
380,Case of Measles Reported in Springdale,Springdale,Springdale,36.18674,-94.12881,US,77859.0,0,-94.12881,36.18674
381,Norwalk Encounters Severe Symptoms of Malaria,Norwalk,Norwalk,33.90224,-118.08173000000001,US,107140.0,0,-118.08173000000001,33.90224
382,Zika arrives in Orange City,Orange,Orange,33.78779,-117.85311000000002,US,140992.0,0,-117.85311000000002,33.78779
383,Pilsen Encounters Severe Symptoms of Malaria,Pilsen,Pilsen,49.74747,13.37759,CZ,164180.0,2,13.37759,49.74747
384,Will Hepatitis B vaccine help La Paz?,La Paz,La Paz,-16.5,-68.15,BO,812799.0,0,-68.15,-16.5
385,Zika Outbreak in Puducherry,Puducherry,Puducherry,11.933810000000001,79.82979,IN,227411.0,8,79.82979,11.933810000000001
386,More Zika patients reported in Carrollton,Carrollton,Carrollton,32.95373,-96.89028,US,133168.0,0,-96.89028,32.95373
387,Will Rabies vaccine help Tangier?,Tangier,Tangier,35.76727,-5.79975,MA,688356.0,2,-5.79975,35.76727
388,Zika symptoms spotted in Iquitos,Iquitos,Iquitos,-3.7491199999999996,-73.25383000000001,PE,437620.0,0,-73.25383000000001,-3.7491199999999996
389,West Nile Virus Exposure in Racine,Racine,Racine,42.72613,-87.78285,US,77742.0,0,-87.78285,42.72613
390,The Spread of Hepatitis E in Lansing has been Confirmed,Lansing,Lansing,42.73253,-84.55553,US,115056.0,0,-84.55553,42.73253
391,West Nile Virus Exposure in Alpharetta,Alpharetta,Alpharetta,34.075379999999996,-84.29409,US,63693.0,0,-84.29409,34.075379999999996
392,Pedro Juan Caballero Encounters Severe Symptoms of Pneumonia,Pedro Juan Caballero,Pedro Juan Caballero,-22.547220000000003,-55.73333,PY,75109.0,1,-55.73333,-22.547220000000003
393,More Zika patients reported in Melbourne,Melbourne,Melbourne,-37.814,144.96331999999998,AU,4246375.0,5,144.96331999999998,-37.814
394,Zika Troubles come to La Libertad,La Libertad,La Libertad,-2.233,-80.91039,EC,75881.0,0,-80.91039,-2.233
395,Herpes Vaccine is now Required in Mattoon,Mattoon,Mattoon,39.483090000000004,-88.37283000000001,US,18113.0,0,-88.37283000000001,39.483090000000004
396,Kent is infested with Rabies,Kent,Kent,47.38093,-122.23483999999999,US,126952.0,0,-122.23483999999999,47.38093
397,Zika symptoms spotted in Bonita Springs,Bonita Springs,Bonita Springs,26.339809999999996,-81.7787,US,51704.0,0,-81.7787,26.339809999999996
398,The Spread of Malaria in Brazzaville has been Confirmed,Brazzaville,Brazzaville,-4.26613,15.283179999999998,CG,1284609.0,10,15.283179999999998,-4.26613
399,More Zika patients reported in Fort Myers,Fort Myers,Fort Myers,26.621679999999998,-81.84059,US,74013.0,0,-81.84059,26.621679999999998
400,Zika spreads to Lewisville,Lewisville,Lewisville,33.04623,-96.99417,US,104039.0,0,-96.99417,33.04623
401,Ogden is infested with Gonorrhea,Ogden,Ogden,41.223,-111.97383,US,85444.0,0,-111.97383,41.223
402,Fort Hood Reports its First Zika Patient,Fort Hood,Fort Hood,31.134890000000002,-97.77561,US,29589.0,0,-97.77561,31.134890000000002
403,Huzhou Residents Receive Hepatitis B vaccine,Huzhou,Huzhou,30.8703,120.0933,CN,158320.0,4,120.0933,30.8703
404,New medicine wipes out Rabies in Newburgh,Newburgh,Newburgh,41.50343,-74.01042,US,28290.0,0,-74.01042,41.50343
405,Iowa City Encounters Severe Symptoms of Rhinovirus,Iowa City,Iowa City,41.66113,-91.53017,US,74220.0,0,-91.53017,41.66113
406,Spike of Rabies Cases in Managua,Managua,Managua,12.132819999999999,-86.2504,NI,973087.0,0,-86.2504,12.132819999999999
407,Outbreak of Zika in Santa Elena,Santa Elena,Santa Elena,-2.22622,-80.85873000000001,EC,42214.0,0,-80.85873000000001,-2.22622
408,Mumps Hits Howard Beach,Howard Beach,Howard Beach,40.65788,-73.83625,US,26148.0,0,-73.83625,40.65788
409,The Spread of Gonorrhea in Reno has been Confirmed,Reno,Reno,39.52963,-119.8138,US,241445.0,0,-119.8138,39.52963
410,How to Avoid Rhinovirus in Plainfield,Plainfield,Plainfield,40.63371,-74.40737,US,51217.0,0,-74.40737,40.63371
411,Rumors about Varicella spreading in Carlsbad have been refuted,Carlsbad,Carlsbad,33.15809,-117.35059,US,113453.0,0,-117.35059,33.15809
412,Scranton authorities confirmed the spread of Gonorrhea,Scranton,Scranton,41.40916,-75.6649,US,77118.0,0,-75.6649,41.40916
413,Mad Cow Disease Disastrous to Brussels,Brussels,Brussels,50.85045,4.3487800000000005,BE,1019022.0,2,4.3487800000000005,50.85045
414,Zika spreads to Olinda,Olinda,Olinda,-8.00889,-34.85528,BR,366754.0,1,-34.85528,-8.00889
415,Hallandale Beach a Victim of Zika Outbreak,Hallandale Beach,Hallandale Beach,25.9812,-80.14838,US,39488.0,0,-80.14838,25.9812
416,Rhinovirus re-emerges in Storrs,Storrs,Storrs,41.80843,-72.24951999999999,US,15344.0,0,-72.24951999999999,41.80843
417,Germantown authorities confirmed the spread of Chickenpox,Germantown,Germantown,39.173159999999996,-77.27165,US,86395.0,0,-77.27165,39.173159999999996
418,Rumors about Rotavirus spreading in North Platte have been refuted,North Platte,North Platte,41.12389,-100.76541999999999,US,24194.0,0,-100.76541999999999,41.12389
419,Spike of Hepatitis C Cases in Golden,Golden,Golden,39.75554,-105.2211,US,20330.0,0,-105.2211,39.75554
420,Authorities are Worried about the Spread of Hepatitis D in Ganja,Ganja,Ganja,40.68278,46.36056,AZ,313300.0,12,46.36056,40.68278
421,Dengue Exposure in Kathmandu,Kathmandu,Kathmandu,27.701690000000003,85.3206,NP,1442271.0,8,85.3206,27.701690000000003
422,Tuberculosis has Arrived in Fairfield,Fairfield,Fairfield,38.249359999999996,-122.03997,US,112970.0,0,-122.03997,38.249359999999996
423,Outbreak of Zika in Kozhikode,Kozhikode,Kozhikode,11.24802,75.7804,IN,439922.0,8,75.7804,11.24802
424,Bronchitis Symptoms Spread all over Santa Fe,Santa Fe,Santa Fe,-31.648809999999997,-60.70868000000001,AR,489505.0,3,-60.70868000000001,-31.648809999999997
425,More Patients in Alexandria are Getting Diagnosed with Mumps,Alexandria,Alexandria,31.201759999999997,29.91582,EG,3811516.0,11,29.91582,31.201759999999997
426,Pneumonia Exposure in Alhambra,Alhambra,Alhambra,33.49838,-112.13432,US,127764.0,0,-112.13432,33.49838
427,Hepatitis C re-emerges in Damascus,Damascus,Damascus,33.5102,36.29128,SY,1569394.0,11,36.29128,33.5102
428,Lower Hospitalization in Pekanbaru after Rotavirus Vaccine becomes Mandatory,Pekanbaru,Pekanbaru,0.51667,101.44167,ID,703956.0,4,101.44167,0.51667
430,Schools in Bentonville Closed Due to Hepatitis B Outbreak,Bentonville,Bentonville,36.37285,-94.20881999999999,US,44499.0,0,-94.20881999999999,36.37285
431,Hepatitis E Hits Hammond,Hammond,Hammond,41.58337,-87.50004,US,77614.0,0,-87.50004,41.58337
432,Schools in Bridgeton Closed Due to Mumps Outbreak,Bridgeton,Bridgeton,39.42734,-75.23408,US,25031.0,0,-75.23408,39.42734
433,Biloxi Residents Recieve Chlamydia vaccine,Biloxi,Biloxi,30.39603,-88.88531,US,45637.0,0,-88.88531,30.39603
434,Case of Mad Cow Disease Reported in Hilden,Hilden,Hilden,51.16818,6.93093,DE,56565.0,2,6.93093,51.16818
435,Rumors about Rabies Spreading in Khartoum have been Refuted,Khartoum,Khartoum,15.551770000000001,32.53241,SD,1974647.0,11,32.53241,15.551770000000001
436,Harare is infested with Pneumonia,Harare,Harare,-17.827720000000003,31.05337,ZW,1542813.0,9,31.05337,-17.827720000000003
437,Zika symptoms spotted in Sibu,Sibu,Sibu,2.3,111.81667,MY,198239.0,4,111.81667,2.3
438,Zika arrives in Quezon,Quezon,Quezon,7.7302800000000005,125.09889,PH,27212.0,4,125.09889,7.7302800000000005
439,More Patients in Crawfordsville are Getting Diagnosed with Rabies,Crawfordsville,Crawfordsville,40.04115,-86.87445,US,16024.0,0,-86.87445,40.04115
440,Spike of Hepatitis B Cases in Greenville,Greenville,Greenville,35.61266,-77.36635,US,90597.0,0,-77.36635,35.61266
441,Authorities are Worried about the Spread of Hepatitis D in Akron,Akron,Akron,41.08144,-81.51901,US,197542.0,0,-81.51901,41.08144
442,More Zika patients reported in Nuevo Laredo,Nuevo Laredo,Nuevo Laredo,27.476290000000002,-99.51639,MX,373725.0,0,-99.51639,27.476290000000002
443,Bronchitis Keeps Spreading in San Mateo,San Mateo,San Mateo,14.6982,121.1236,PH,134327.0,4,121.1236,14.6982
444,Zika arrives in Boca Raton,Boca Raton,Boca Raton,26.358690000000003,-80.0831,US,93235.0,0,-80.0831,26.358690000000003
445,Bradenton Experiences Zika Troubles,Bradenton,Bradenton,27.498929999999998,-82.57481999999999,US,54437.0,0,-82.57481999999999,27.498929999999998
446,Chlamydia Symptoms Spread all over University City,University City,University City,38.655879999999996,-90.30928,US,35058.0,0,-90.30928,38.655879999999996
447,Wisconsin Rapids Patient in Critical Condition after Contracting Chickenpox,Wisconsin Rapids,Wisconsin Rapids,44.38358,-89.81735,US,17897.0,0,-89.81735,44.38358
448,Zika spreads to Kissimmee,Kissimmee,Kissimmee,28.304679999999998,-81.41667,US,69152.0,0,-81.41667,28.304679999999998
449,Herpes Symptoms Spread all over Fremont,Fremont,Fremont,37.54827,-121.98857,US,232206.0,0,-121.98857,37.54827
450,Spike of Pneumonia Cases in The Bronx,The Bronx,The Bronx,40.84985,-73.86641,US,1385108.0,0,-73.86641,40.84985
451,Authorities are Worried about the Spread of Hepatitis D in North Bay,North Bay,North Bay,46.3168,-79.46633,CA,50396.0,0,-79.46633,46.3168
452,The Spread of Herpes in Baku has been Confirmed,Baku,Baku,40.37767,49.89201,AZ,1116513.0,12,49.89201,40.37767
453,Will Measles vaccine help Sochi?,Sochi,Sochi,43.59917,39.72569,RU,327608.0,12,39.72569,43.59917
454,Tuberculosis Symptoms Spread all over Caguas,Caguas,Caguas,18.23412,-66.0485,PR,86804.0,0,-66.0485,18.23412
455,HIV has Arrived in Tacoma,Tacoma,Tacoma,47.25288,-122.44429,US,207948.0,0,-122.44429,47.25288
456,Malaria re-emerges in Nashua,Nashua,Nashua,42.765370000000004,-71.46757,US,87970.0,0,-71.46757,42.765370000000004
457,Arvada is infested with Syphilis,Arvada,Arvada,39.80276,-105.08748,US,115368.0,0,-105.08748,39.80276
458,Spike of Syphilis Cases in West Monroe,Monroe,Monroe,32.50931,-92.1193,US,49598.0,0,-92.1193,32.50931
459,More Zika patients reported in Ribeirao Preto,Ribeirao Preto,Ribeirão Preto,-21.1775,-47.81028,BR,619746.0,1,-47.81028,-21.1775
461,Deerfield tests new cure for Measles,Deerfield,Deerfield,42.17114,-87.84451,US,19019.0,0,-87.84451,42.17114
462,Contaminated Meat Brings Trouble for Bonn Farmers,Bonn,Bonn,50.73438,7.09549,DE,313125.0,2,7.09549,50.73438
464,Hepatitis A re-emerges in Foster City,Foster City,Foster City,37.55855,-122.27108,US,33477.0,0,-122.27108,37.55855
465,How to Avoid Tuberculosis in Santa Monica,Santa Monica,Santa Monica,34.01945,-118.49118999999999,US,93220.0,0,-118.49118999999999,34.01945
466,Zika reported in Fort Pierce,Fort Pierce,Fort Pierce,27.446709999999996,-80.32561,US,44484.0,0,-80.32561,27.446709999999996
467,Authorities are Worried about the Spread of Syphilis in Pyongyang,Pyongyang,Pyongyang,39.03385,125.75431999999999,KP,3222000.0,4,125.75431999999999,39.03385
468,Zika spreads to Winter Park,Winter Park,Winter Park,28.6,-81.33924,US,29943.0,0,-81.33924,28.6
469,Durango is infested with Hepatitis B,Durango,Durango,43.171240000000004,-2.6338,ES,28229.0,2,-2.6338,43.171240000000004
470,Hepatitis A has not Left Staten Island,Staten Island,Staten Island,40.562329999999996,-74.13986,US,468730.0,0,-74.13986,40.562329999999996
471,Mpika authorities confirmed the spread of Chikungunya,Mpika,Mpika,-11.83431,31.45287,ZM,28445.0,9,31.45287,-11.83431
472,Gladstone Encounters Severe Symptoms of Dengue,Gladstone,Gladstone,-23.84852,151.25775,AU,30489.0,5,151.25775,-23.84852
473,Mad Cow Disease Hits London,London,London,51.50853,-0.12574000000000002,GB,7556900.0,2,-0.12574000000000002,51.50853
474,New Milford Patient in Critical Condition after Contracting Respiratory Syncytial Virus,New Milford,New Milford,40.9351,-74.01903,US,16801.0,0,-74.01903,40.9351
475,More people in Palo Alto are infected with HIV every year,Palo Alto,Palo Alto,37.44188,-122.14301999999999,US,66853.0,0,-122.14301999999999,37.44188
476,HIV Symptoms Spread all over Hinthada,Hinthada,Hinthada,17.64944,95.45705,MM,134947.0,4,95.45705,17.64944
477,Zika symptoms spotted in Quito,Quito,Quito,-0.22985,-78.52495,EC,1399814.0,0,-78.52495,-0.22985
478,Vineland authorities confirmed the spread of Chlamydia,Vineland,Vineland,39.48623,-75.02573000000001,US,60818.0,0,-75.02573000000001,39.48623
479,"Sulu, Zamboanga brace for Zika",Zamboanga,Zamboanga,6.91028,122.07388999999999,PH,457623.0,4,122.07388999999999,6.91028
480,More Zika patients reported in Custodia,Custodia,Custódia,-8.0875,-37.64306,BR,18107.0,1,-37.64306,-8.0875
481,Tupelo Residents Recieve Syphilis vaccine,Tupelo,Tupelo,34.258070000000004,-88.70464,US,35680.0,0,-88.70464,34.258070000000004
483,Spanish Flu Outbreak in Lisbon,Lisbon,Lisbon,38.71667,-9.13333,PT,517802.0,2,-9.13333,38.71667
484,Spanish Flu Spreading through Madrid,Madrid,Madrid,40.4165,-3.70256,ES,3255944.0,2,-3.70256,40.4165
485,Barcelona Struck by Spanish Flu,Barcelona,Barcelona,41.38879,2.15899,ES,1621537.0,2,2.15899,41.38879
486,The Spread of Dengue in Yakima has been Confirmed,Yakima,Yakima,46.60207,-120.5059,US,93701.0,0,-120.5059,46.60207
487,Tuberculosis Hits Luanda,Luanda,Luanda,-8.83682,13.23432,AO,2776168.0,10,13.23432,-8.83682
488,Will West Nile Virus vaccine help Dumai?,Dumai,Dumai,1.6671099999999999,101.44315999999999,ID,143760.0,4,101.44315999999999,1.6671099999999999
489,Rumors about Chlamydia spreading in Redmond have been refuted,Redmond,Redmond,47.67399,-122.12151000000001,US,60598.0,0,-122.12151000000001,47.67399
490,Case of Varicella Reported in Concord,Concord,Concord,37.97798,-122.03107,US,128667.0,0,-122.03107,37.97798
491,Zika virus case reported in Rockland,Rockland,Rockland,42.13066,-70.91615999999999,US,17982.0,0,-70.91615999999999,42.13066
492,Zika investigators coming to Mankato,Mankato,Mankato,44.15906,-94.00915,US,41044.0,0,-94.00915,44.15906
493,Toms River Encounters Severe Symptoms of Respiratory Syncytial Virus,Toms River,Toms River,39.95373,-74.19792,US,88791.0,0,-74.19792,39.95373
494,The Spread of Malaria in Zanzibar has been Confirmed,Zanzibar,Zanzibar,-6.16394,39.19793,TZ,403658.0,7,39.19793,-6.16394
495,Malaria Outbreak Hits Zanzibar's Tourist Industry,Zanzibar,Zanzibar,-6.16394,39.19793,TZ,403658.0,7,39.19793,-6.16394
496,Tourist Perishes from Malaria in Arusha,Arusha,Arusha,-3.3666699999999996,36.68333,TZ,341136.0,7,36.68333,-3.3666699999999996
497,Herpes Symptoms Spread all over New Kingston,New Kingston,New Kingston,18.00747,-76.78319,JM,583958.0,0,-76.78319,18.00747
498,More people in Yokohama are infected with Norovirus every year,Yokohama,Yokohama,35.43333,139.65,JP,3574443.0,4,139.65,35.43333
499,More people in Kitwe are infected with Respiratory Syncytial Virus every year,Kitwe,Kitwe,-12.802430000000001,28.21323,ZM,400914.0,9,28.21323,-12.802430000000001
500,Hepatitis D Keeps Spreading in Bismarck,Bismarck,Bismarck,46.80833,-100.78374000000001,US,71167.0,0,-100.78374000000001,46.80833
501,Varicella Outbreak in Minot,Minot,Minot,48.23251,-101.29626999999999,US,49450.0,0,-101.29626999999999,48.23251
502,Malaria has Arrived in Terrebonne,Terrebonne,Terrebonne,45.70004,-73.64732,CA,94703.0,0,-73.64732,45.70004
503,Chikungunya Keeps Spreading in North Vancouver,North Vancouver,North Vancouver,49.316359999999996,-123.06934,CA,48000.0,0,-123.06934,49.316359999999996
504,Authorities are Worried about the Spread of Chickenpox in Hemet,Hemet,Hemet,33.747609999999995,-116.97306999999999,US,83861.0,0,-116.97306999999999,33.747609999999995
507,Rumors about Hepatitis C spreading in Darien have been refuted,Darien,Darien,41.751979999999996,-87.97395,US,22256.0,0,-87.97395,41.751979999999996
508,The Spread of West Nile Virus in Fairfield has been Confirmed,Fairfield,Fairfield,38.249359999999996,-122.03997,US,112970.0,0,-122.03997,38.249359999999996
509,Princeton Encounters Severe Symptoms of Dengue,Princeton,Princeton,40.34872,-74.65905,US,29603.0,0,-74.65905,40.34872
510,Norovirus Keeps Spreading in Copenhagen,Copenhagen,Copenhagen,55.675940000000004,12.56553,DK,1153615.0,2,12.56553,55.675940000000004
511,Wuhan is infested with Varicella,Wuhan,Wuhan,30.58333,114.26666999999999,CN,9785388.0,4,114.26666999999999,30.58333
512,Zika spreads to San Luis Potosi,San Luis Potosi,San Luis Potosí,22.149820000000002,-100.97916,MX,722772.0,0,-100.97916,22.149820000000002
514,Spike of Norovirus Cases in Canberra,Canberra,Canberra,-35.28346,149.12807,AU,367752.0,5,149.12807,-35.28346
515,Zika Troubles come to Greater Noida,Greater Noida,Greater Noida,28.49615,77.53601,IN,293908.0,8,77.53601,28.49615
516,Lower Hospitalization in Palm Springs after Hepatitis A Vaccine becomes Mandatory,Palm Springs,Palm Springs,33.8303,-116.54529,US,47371.0,0,-116.54529,33.8303
518,Outbreak of Zika in Leesburg,Leesburg,Leesburg,39.11566,-77.5636,US,51209.0,0,-77.5636,39.11566
519,Authorities are Worried about the Spread of Tuberculosis in Cantu,Cantu,Cantù,45.74096,9.13084,IT,37273.0,2,9.13084,45.74096
521,New medicine wipes out HIV in Kihei,Kihei,Kīhei,20.76462,-156.44578,US,20881.0,-1,-156.44578,20.76462
522,Sangre Grande Residents Recieve Gonorrhea vaccine,Sangre Grande,Sangre Grande,10.58705,-61.13008000000001,TT,15968.0,0,-61.13008000000001,10.58705
523,Outbreak of Zika in Colombo,Colombo,Colombo,6.93548,79.84868,LK,648034.0,8,79.84868,6.93548
524,Will Rotavirus vaccine help Addis Ababa?,Addis Ababa,Addis Ababa,9.02497,38.74689,ET,2757729.0,11,38.74689,9.02497
525,Stony Brook University experts discuss Zika virus,University,University,28.073890000000002,-82.43902,US,41163.0,0,-82.43902,28.073890000000002
526,Lower Hospitalization in Janesville after Varicella Vaccine becomes Mandatory,Janesville,Janesville,42.682790000000004,-89.01872,US,64123.0,0,-89.01872,42.682790000000004
527,Rabies Outbreak in Altus,Altus,Altus,34.63813,-99.33398000000001,US,19214.0,0,-99.33398000000001,34.63813
528,Miami resident suggests Zika precautions,Miami,Miami,25.77427,-80.19366,US,441003.0,0,-80.19366,25.77427
529,Zika Troubles come to Jaen,Jaen,Jaen,15.3275,120.9192,PH,39700.0,4,120.9192,15.3275
530,Hepatitis B Exposure in Edinburgh,Edinburgh,Edinburgh,55.952059999999996,-3.1964799999999998,GB,464990.0,2,-3.1964799999999998,55.952059999999996
531,Zika case reported in Reynosa,Reynosa,Reynosa,26.08061,-98.28835,MX,589466.0,0,-98.28835,26.08061
532,Schools in Tulare Closed Due to Mumps Outbreak,Tulare,Tulare,36.20773,-119.34733999999999,US,62315.0,0,-119.34733999999999,36.20773
533,More Zika patients reported in Chennai,Chennai,Chennai,13.08784,80.27847,IN,4328063.0,8,80.27847,13.08784
534,Hepatitis D Keeps Spreading in Danvers,Danvers,Danvers,42.57509,-70.93005,US,26493.0,0,-70.93005,42.57509
535,Authorities a Miami,Miami,Miami,25.77427,-80.19366,US,441003.0,0,-80.19366,25.77427
536,Zika case reported in Medellin,Medellin,Medellín,6.2518400000000005,-75.56359,CO,1999979.0,0,-75.56359,6.2518400000000005
537,Spike of Tuberculosis Cases in Albuquerque,Albuquerque,Albuquerque,35.08449,-106.65113999999998,US,559121.0,0,-106.65113999999998,35.08449
538,More people in Cranford are infected with Hepatitis A every year,Cranford,Cranford,40.65844,-74.29959000000001,US,22627.0,0,-74.29959000000001,40.65844
539,West Nile Virus Hits Monroe,Monroe,Monroe,32.50931,-92.1193,US,49598.0,0,-92.1193,32.50931
540,Pneumonia Outbreak in Springville,Springville,Springville,40.16523,-111.61075,US,32286.0,0,-111.61075,40.16523
541,Zika arrives in San Onofre,San Onofre,San Onofre,9.73586,-75.52626,CO,32957.0,0,-75.52626,9.73586
542,Lung Cancer Rates Increasing in Moscow,Moscow,Moscow,55.752219999999994,37.615559999999995,RU,10381222.0,-1,37.615559999999995,55.752219999999994
543,Rumors about Rotavirus Spreading in Joliet have been Refuted,Joliet,Joliet,41.52519,-88.0834,US,147861.0,0,-88.0834,41.52519
544,More Zika patients reported in Chanthaburi,Chanthaburi,Chanthaburi,12.60961,102.10446999999999,TH,99819.0,4,102.10446999999999,12.60961
545,Lawrenceville is infested with Dengue,Lawrenceville,Lawrenceville,33.95621,-83.98796,US,30493.0,0,-83.98796,33.95621
546,Zika Reported in Ciudad Acuna,Ciudad Acuna,Ciudad Acuña,29.323220000000003,-100.95217,MX,134233.0,0,-100.95217,29.323220000000003
547,Zika case reported in Limoeiro,Limoeiro,Limoeiro,-7.87472,-35.45028,BR,42328.0,1,-35.45028,-7.87472
548,Ibadan tests new cure for Malaria,Ibadan,Ibadan,7.377560000000001,3.90591,NG,3565108.0,10,3.90591,7.377560000000001
549,Gonorrhea has Arrived in Avon Lake,Avon Lake,Avon Lake,41.505320000000005,-82.0282,US,23453.0,0,-82.0282,41.505320000000005
550,Pneumonia has not Left Kinshasa,Kinshasa,Kinshasa,-4.32758,15.31357,CD,7785965.0,10,15.31357,-4.32758
551,Respiratory Syncytial Virus Hits Henderson,Henderson,Henderson,36.0397,-114.98194,US,285667.0,0,-114.98194,36.0397
552,More Zika patients reported in Lakeland,Lakeland,Lakeland,28.03947,-81.9498,US,104401.0,0,-81.9498,28.03947
553,Malaria Vaccine is now Required in Winona,Winona,Winona,44.04996,-91.63932,US,27094.0,0,-91.63932,44.04996
554,More Patients in Canton are Getting Diagnosed with Norovirus,Canton,Canton,42.30865,-83.48216,US,86825.0,0,-83.48216,42.30865
555,Ronkonkoma is infested with Chickenpox,Ronkonkoma,Ronkonkoma,40.81538,-73.11233,US,19082.0,0,-73.11233,40.81538
556,Kedougou tests new cure for Hepatitis C,Kedougou,Kédougou,12.55561,-12.180760000000001,SN,17922.0,6,-12.180760000000001,12.55561
557,Gonorrhea Exposure in Norwalk,Norwalk,Norwalk,33.90224,-118.08173000000001,US,107140.0,0,-118.08173000000001,33.90224
558,How to Avoid Rhinovirus in Medford,Medford,Medford,42.32652,-122.87558999999999,US,79805.0,0,-122.87558999999999,42.32652
559,Hepatitis D Symptoms Spread all over Evansville,Evansville,Evansville,37.974759999999996,-87.55585,US,119943.0,0,-87.55585,37.974759999999996
560,New medicine wipes out Herpes in Bossier City,Bossier City,Bossier City,32.51599,-93.73212,US,68094.0,0,-93.73212,32.51599
561,Pneumonia Exposure in San Jose,San Jose,San Jose,37.33939,-121.89496000000001,US,1026908.0,0,-121.89496000000001,37.33939
562,Authorities are Worried about the Spread of Mad Cow Disease in Edinburgh,Edinburgh,Edinburgh,55.952059999999996,-3.1964799999999998,GB,464990.0,2,-3.1964799999999998,55.952059999999996
563,Duluth Patient in Critical Condition after Contracting Rotavirus,Duluth,Duluth,46.78327,-92.10658000000001,US,86110.0,0,-92.10658000000001,46.78327
565,Norfolk tests new cure for Herpes,Norfolk,Norfolk,36.84681,-76.28522,US,246393.0,0,-76.28522,36.84681
566,More Zika patients reported in Botucatu,Botucatu,Botucatu,-22.88583,-48.445,BR,113862.0,1,-48.445,-22.88583
567,Manassas Encounters Severe Symptoms of Measles,Manassas,Manassas,38.75095,-77.47527,US,41764.0,0,-77.47527,38.75095
568,Fayetteville authorities confirmed the spread of HIV,Fayetteville,Fayetteville,35.052659999999996,-78.87836,US,201963.0,0,-78.87836,35.052659999999996
569,Varicella Exposure in Cambridge,Cambridge,Cambridge,52.2,0.11667000000000001,GB,158434.0,2,0.11667000000000001,52.2
570,Hepatitis A Vaccine is now Required in Fukushima,Fukushima,Fukushima,37.75,140.46667,JP,294237.0,4,140.46667,37.75
571,Zika Outbreak in South Miami,Miami,Miami,25.77427,-80.19366,US,441003.0,0,-80.19366,25.77427
572,Hepatitis D Symptoms Spread all over North Bethesda,North Bethesda,North Bethesda,39.04455,-77.11887,US,43828.0,0,-77.11887,39.04455
573,Panama City's first Zika related death,Panama City,Panama City,30.15946,-85.65983,US,38286.0,0,-85.65983,30.15946
574,West Nile Virus has Arrived in Dongguan,Dongguan,Dongguan,23.017970000000002,113.74866000000002,CN,8000000.0,4,113.74866000000002,23.017970000000002
575,Zika arrives in Belmopan,Belmopan,Belmopan,17.25,-88.76666999999999,BZ,13381.0,0,-88.76666999999999,17.25
576,Zika seminars in Yuma County,Yuma,Yuma,32.72532,-114.6244,US,94139.0,0,-114.6244,32.72532
577,Rumors about Hepatitis E Spreading in Morristown have been Refuted,Morristown,Morristown,36.21398,-83.29489000000001,US,29478.0,0,-83.29489000000001,36.21398
578,Mumps Outbreak in Joplin,Joplin,Joplin,37.08423,-94.51328000000001,US,51818.0,0,-94.51328000000001,37.08423
580,Authorities are Worried about the Spread of Mumps in Corona,Corona,Corona,33.87529,-117.56643999999999,US,164226.0,0,-117.56643999999999,33.87529
581,Schools in Danville Closed Due to Tuberculosis Outbreak,Danville,Danville,37.82159,-121.99996000000002,US,44400.0,0,-121.99996000000002,37.82159
583,Marquette tests new cure for Hepatitis A,Marquette,Marquette,46.54354,-87.39542,US,21297.0,0,-87.39542,46.54354
584,Norovirus Vaccine is now Required in Anaheim,Anaheim,Anaheim,33.83529,-117.9145,US,350742.0,0,-117.9145,33.83529
585,Zika Outbreak in Manaus,Manaus,Manaus,-3.1019400000000004,-60.025,BR,1598210.0,-1,-60.025,-3.1019400000000004
586,Zika spreads to Caucasia,Caucasia,Caucasia,7.98654,-75.19349,CO,58034.0,0,-75.19349,7.98654
587,Case of Malaria Reported in Aurora,Aurora,Aurora,39.72943,-104.83192,US,359407.0,0,-104.83192,39.72943
588,Manchester Residents Recieve Influenza vaccine,Manchester,Manchester,53.48095,-2.23743,GB,395515.0,2,-2.23743,53.48095
589,Zika spreads to Kamphaeng Phet,Kamphaeng Phet,Kamphaeng Phet,16.483439999999998,99.52153,TH,58787.0,4,99.52153,16.483439999999998
590,Rotavirus Vaccine is now Required in Labasa,Labasa,Labasa,-16.4332,179.36451,FJ,27949.0,13,179.36451,-16.4332
591,The Spread of Hepatitis E in Fargo has been Confirmed,Fargo,Fargo,46.87719,-96.7898,US,118523.0,0,-96.7898,46.87719
592,Zika Outbreak in Mexicali,Mexicali,Mexicali,32.62781,-115.45446000000001,MX,689775.0,0,-115.45446000000001,32.62781
593,West Nile Virus Keeps Spreading in Hauppauge,Hauppauge,Hauppauge,40.82565,-73.20260999999999,US,20882.0,0,-73.20260999999999,40.82565
594,Bronchitis Keeps Spreading in Hayward,Hayward,Hayward,37.668820000000004,-122.0808,US,158289.0,0,-122.0808,37.668820000000004
597,Zika spreads to Plant City,Plant City,Plant City,28.01888,-82.11469,US,37406.0,0,-82.11469,28.01888
598,Chlamydia Exposure in Sanaa,Sanaa,Sanaa,15.35472,44.20667,YE,1937451.0,11,44.20667,15.35472
599,Zika Reported in North Miami Beach,North Miami Beach,North Miami Beach,25.93315,-80.16255,US,43971.0,0,-80.16255,25.93315
600,More Patients in Kensington are Getting Diagnosed with Varicella,Kensington,Kensington,40.646209999999996,-73.97069,US,39120.0,0,-73.97069,40.646209999999996
602,Case of West Nile Virus Reported in Riverside,Riverside,Riverside,33.95335,-117.39616000000001,US,322424.0,0,-117.39616000000001,33.95335
603,Northfield Encounters Severe Symptoms of Herpes,Northfield,Northfield,44.4583,-93.1616,US,20380.0,0,-93.1616,44.4583
604,The Spread of Respiratory Syncytial Virus in Monroe has been Confirmed,Monroe,Monroe,32.50931,-92.1193,US,49598.0,0,-92.1193,32.50931
605,How to Avoid Hepatitis B in Trenton,Trenton,Trenton,40.21705,-74.74294,US,84225.0,0,-74.74294,40.21705
606,Zika Reported in Ilopango,Ilopango,Ilopango,13.701670000000002,-89.10944,SV,38890.0,0,-89.10944,13.701670000000002
607,Barstow Patient in Critical Condition after Contracting Herpes,Barstow,Barstow,34.898590000000006,-117.02282,US,23692.0,0,-117.02282,34.898590000000006
608,Hepatitis D Exposure in Aswan,Aswan,Aswan,24.09082,32.89942,EG,241261.0,11,32.89942,24.09082
609,Will Gonorrhea vaccine help East Moline?,East Moline,East Moline,41.50087,-90.4443,US,21350.0,0,-90.4443,41.50087
610,New medicine wipes out Influenza in Redlands,Redlands,Redlands,34.05557,-117.18253999999999,US,71035.0,0,-117.18253999999999,34.05557
611,How to Avoid Contaminated Meat when Visiting Basel,Basel,Basel,47.55839,7.57327,CH,164488.0,2,7.57327,47.55839
612,More Zika patients reported in Kampong Speu,Kampong Speu,Kampong Speu,11.45332,104.52085,KH,33231.0,4,104.52085,11.45332
613,Alameda Residents Recieve Rabies vaccine,Alameda,Alameda,37.765209999999996,-122.24163999999999,US,78630.0,0,-122.24163999999999,37.765209999999996
614,Mad Cow Disease Detected in Lyon,Lyon,Lyon,45.748459999999994,4.84671,FR,472317.0,2,4.84671,45.748459999999994
615,Memphis Encounters Severe Symptoms of Swine Flu,Memphis,Memphis,35.14953,-90.04898,US,655770.0,0,-90.04898,35.14953
616,Zika Troubles come to Delray Beach,Delray Beach,Delray Beach,26.46146,-80.07282,US,66255.0,0,-80.07282,26.46146
617,How to Avoid Chikungunya in Hampton,Hampton,Hampton,37.02987,-76.34522,US,136454.0,0,-76.34522,37.02987
618,Zika Reported in Sao Jose,Sao Jose,São José,-28.211709999999997,-49.1632,BR,200000.0,1,-49.1632,-28.211709999999997
619,Case of Norovirus Reported in Stratford,Stratford,Stratford,41.184540000000005,-73.13316999999999,US,51384.0,0,-73.13316999999999,41.184540000000005
620,How to Avoid Hepatitis E in South Bend,South Bend,South Bend,41.68338,-86.25001,US,101516.0,0,-86.25001,41.68338
621,Hepatitis C Outbreak in Bethlehem,Bethlehem,Bethlehem,-28.23078,28.30707,ZA,83654.0,9,28.30707,-28.23078
622,Davenport is infested with Dengue,Davenport,Davenport,41.52364,-90.57764,US,102582.0,0,-90.57764,41.52364
623,Rumors about Swine Flu spreading in Suzhou have been refuted,Suzhou,Suzhou,31.30408,120.59538,CN,5345961.0,4,120.59538,31.30408
624,Malaria Vaccine is now Required in Elyria,Elyria,Elyria,41.36838,-82.10765,US,53775.0,0,-82.10765,41.36838
626,Case of Swine Flu Reported in Tbilisi,Tbilisi,Tbilisi,41.694109999999995,44.83368,GE,1049498.0,12,44.83368,41.694109999999995
629,Influenza Keeps Spreading in Suffolk,Suffolk,Suffolk,36.728359999999995,-76.58496,US,88161.0,0,-76.58496,36.728359999999995
630,More people in Allentown are infected with Chlamydia every year,Allentown,Allentown,40.60843,-75.49018000000001,US,120207.0,0,-75.49018000000001,40.60843
631,Mad Cow Disease re-emerges in Bedford,Bedford,Bedford,52.13459,-0.46631999999999996,GB,106940.0,2,-0.46631999999999996,52.13459
632,Authorities are Worried about the Spread of Hepatitis B in Yiwu,Yiwu,Yiwu,29.31506,120.07676000000001,CN,89629.0,4,120.07676000000001,29.31506
633,Zika Outbreak in Yurimaguas,Yurimaguas,Yurimaguas,-5.90181,-76.12234000000001,PE,41827.0,0,-76.12234000000001,-5.90181
634,Dengue Outbreak in Easton,Easton,Easton,40.68843,-75.22073,US,26915.0,0,-75.22073,40.68843
635,Varicella has Arrived in Milton,Milton,Milton,43.51681,-79.88294,CA,101715.0,0,-79.88294,43.51681
636,New medicine wipes out Meningitis in Sevilla,Sevilla,Sevilla,37.38283,-5.97317,ES,703206.0,2,-5.97317,37.38283
637,Authorities are Worried about the Spread of Varicella in Clovis,Clovis,Clovis,36.82523,-119.70291999999999,US,104180.0,0,-119.70291999999999,36.82523
638,More Zika patients reported in Fort Worth,Fort Worth,Fort Worth,32.72541,-97.32085,US,833319.0,0,-97.32085,32.72541
639,Zika symptoms spotted in Boynton Beach,Boynton Beach,Boynton Beach,26.52535,-80.06643000000001,US,73966.0,0,-80.06643000000001,26.52535
640,Outbreak of Zika in Portoviejo,Portoviejo,Portoviejo,-1.0545799999999999,-80.45445,EC,170326.0,0,-80.45445,-1.0545799999999999
641,Influenza Exposure in Muscat,Muscat,Muscat,23.58413,58.40778,OM,797000.0,-1,58.40778,23.58413
642,Rumors about Rabies spreading in Jerusalem have been refuted,Jerusalem,Jerusalem,31.769040000000004,35.21633,IL,801000.0,11,35.21633,31.769040000000004
643,More Zika patients reported in Indang,Indang,Indang,14.195279999999999,120.87693999999999,PH,41159.0,4,120.87693999999999,14.195279999999999
644,Suva authorities confirmed the spread of Rotavirus,Suva,Suva,-18.14161,178.44149,FJ,77366.0,13,178.44149,-18.14161
645,More Zika patients reported in Bella Vista,Bella Vista,Bella Vista,18.455389999999998,-69.9454,DO,175683.0,0,-69.9454,18.455389999999998
646,Zika Outbreak in Wichita Falls,Wichita Falls,Wichita Falls,33.913709999999995,-98.49339,US,104710.0,0,-98.49339,33.913709999999995
